date,player,win,patch,label,damage_share,damage_rank,score,score_rank,kills,deaths,assists,gold_share,damage_gold_ratio,duration_minutes,top_teammate,top_teammate_hero,top_teammate_damage_share,match_key
2026-09-18 21:33,哑巴狮子#44403,False,26.18,不分类（败局）,0.10427779880923702,5,6.4,5,7,12,9,0.19497221724323355,0.5348341434674634,10.133333333333333,山本不在此#23824,纳亚菲利,0.3070860722029115,TJ101:TJ101_401114132016
2026-09-17 22:33,祈山鹤#14781,True,26.18,共同发挥或证据混合,0.21007125424643422,3,10.5,2,5,5,27,0.19192576916815887,1.0945442873925746,15.866666666666667,小鸡脚黑子#56191,霞,0.24759317627147745,TJ101:TJ101_401112998813
2026-09-16 23:15,Lou楼louy#22286,True,26.18,队友更主导,0.08773019412999088,5,9.1,3,4,9,37,0.17611113268859802,0.4981524608391256,15.85,比奇堡暗裔小蜗#37950,厄斐琉斯,0.48514618562327677,TJ101:TJ101_401111878764
2026-09-16 21:53,Lou楼louy#22286,True,26.18,队友更主导,0.10362507097018392,4,7,5,3,9,31,0.15492201668480232,0.6688853733489348,13.433333333333334,Elves丶偏执狂#53171,库奇,0.32965148621601315,TJ101:TJ101_401111731413
2026-09-13 23:02,Lou楼louy#22286,False,26.18,不分类（败局）,0.1717815293516809,3,7.8,3,8,15,25,0.19532418952618455,0.8794687937443222,20.666666666666668,山本不在此#23824,安蓓萨,0.34758447291259675,TJ101:TJ101_401108037533
2026-09-12 00:39,哑巴狮子#44403,True,26.18,共同发挥或证据混合,0.18796731514762893,2,9.5,2,11,17,31,0.200398283129036,0.9379686902137641,20.55,比奇堡暗裔小蜗#37950,易,0.363698400465918,TJ101:TJ101_401104936141
2026-09-12 00:21,Lou楼louy#22286,True,26.18,队友更主导,0.09326227097941642,5,8.7,3,3,10,33,0.17469983057922264,0.5338429388866749,16.266666666666666,比奇堡暗裔小蜗#37950,德莱文,0.4139476362813843,TJ101:TJ101_401104888608
2026-09-09 21:36,Lou楼louy#22286,True,26.17,队友更主导,0.09863423029611915,5,6.6,5,4,8,20,0.1758736237434179,0.5608244613189791,17.533333333333335,我不食蒸鱼饭#48075,劫,0.2994345808454363,TJ101:TJ101_401102224496
2026-09-07 00:01,Lou楼louy#22286,True,26.17,队友更主导,0.18004393014036216,3,9.3,3,5,12,40,0.1862011485304489,0.9669324360312425,22.333333333333332,比奇堡暗裔小蜗#37950,弗拉基米尔,0.3495633772634737,TJ101:TJ101_401098843726
2026-09-06 23:26,Lou楼louy#22286,True,26.17,共同发挥或证据混合,0.11199820335747572,5,10.7,2,7,5,27,0.19643325924499905,0.5701590646509983,11.783333333333333,山本不在此#23824,瑟提,0.3498512155409578,TJ101:TJ101_401098801576
2026-08-23 16:28,祈山鹤#14781,True,26.16,共同发挥或证据混合,0.168175154566894,4,10.5,2,4,7,38,0.19155857357784736,0.8779307103085595,14.983333333333333,念念独情#43051,厄斐琉斯,0.3002183058193639,TJ101:TJ101_401079406898
2026-08-10 19:58,哑巴狮子#44403,False,26.15,不分类（败局）,0.10173062452972159,5,8.3,3,6,7,9,0.21429881323517855,0.47471389595647956,8.8,带肆犬屠伍猪#82177,茂凯,0.3217886703214017,TJ101:TJ101_401062917786
2026-07-31 20:38,祈山鹤#14781,False,26.15,不分类（败局）,0.1294348026416833,5,7.3,2,2,5,6,0.19886749048868965,0.650859536285267,8.266666666666667,ʚ弗拉基米尔ɞ#63438,卡兹克,0.23233758255260328,TJ101:TJ101_401049194330
2026-07-10 20:08,祈山鹤#14781,True,26.13,共同发挥或证据混合,0.22666961373333067,2,11.8,1,10,8,46,0.2279646282014358,0.9943192306704669,18.816666666666666,逆天的恨#51835,费德提克,0.23697095129972337,TJ101:TJ101_401021786127
2026-07-01 19:27,祈山鹤#14781,True,26.13,队友更主导,0.16757139934630882,3,10.1,3,3,7,46,0.18787431180341077,0.8919335365105867,15.7,ʚ弗拉基米尔ɞ#63438,彗,0.3133340628285702,TJ101:TJ101_401010613068
2026-06-24 22:10,Lou楼louy#22286,False,26.12,不分类（败局）,0.13969594594594595,5,7.4,3,1,4,6,0.18957203134418324,0.7369016671679629,8.266666666666667,祈山鹤#14781,蒙多医生,0.23506756756756758,TJ101:TJ101_401002061539
2026-05-29 18:41,小鸡脚黑子#56191,True,26.11,共同发挥或证据混合,0.22471605825296379,1,12.5,1,21,6,20,0.24054615138933247,0.934191035504255,13.266666666666667,山本不在此#23824,加里奥,0.21840992621659713,TJ101:TJ101_400967756123
2026-05-29 18:20,祈山鹤#14781,False,26.11,不分类（败局）,0.1891871952569064,3,9,1,5,10,20,0.1953510175710845,0.9684474522282167,14.483333333333333,鱼屿海棠丶#59291,莉莉娅,0.256128396187819,TJ101:TJ101_400967708680
2026-05-21 23:21,三角洲威龙#44564,False,26.10,不分类（败局）,0.12286787801677866,4,7.3,5,3,11,24,0.17981947313318808,0.683284606922262,15.916666666666666,山本不在此#23824,芸阿娜,0.3884338594886883,TJ101:TJ101_400958497684
2026-04-28 20:38,祈山鹤#14781,False,26.8,不分类（败局）,0.1281414199014297,4,8.7,3,4,9,22,0.196291817815397,0.6528108065204252,11.966666666666667,受够了番茄炒蛋#84548,斯维因,0.29586031797754336,TJ101:TJ101_400930286403
2026-04-22 21:09,祈山鹤#14781,True,26.8,队友更主导,0.14980248356982162,5,8.8,3,8,8,17,0.19775710737809862,0.7575074572839958,14.316666666666666,刘波丿#29658,菲奥娜,0.3191706081380312,TJ101:TJ101_400923280190
2026-04-07 23:44,Lou楼louy#22286,True,26.7,队友更主导,0.1296530365457958,4,9.2,4,7,8,36,0.17863289894270962,0.725807157098075,18.266666666666666,比奇堡暗裔小蜗#37950,薇恩,0.40171375104647156,TJ101:TJ101_400905425287
2026-03-08 00:55,Lou楼louy#22286,False,26.5,不分类（败局）,0.18026409146536002,4,10,3,6,12,51,0.23727650489878388,0.7597216232692575,25.216666666666665,比奇堡暗裔小蜗#37950,德莱文,0.27711270791369647,TJ101:TJ101_400867220984
2026-02-28 21:44,我不食蒸鱼饭#48075,False,26.3,不分类（败局）,0.1482970127069857,5,8.6,4,4,9,29,0.2737913816024124,0.5416423695992593,13.016666666666667,w2778#97519,塞拉斯,0.2645544181372857,TJ101:TJ101_400858183736
2026-02-26 14:24,祈山鹤#14781,True,26.3,队友更主导,0.17872608833575554,3,9.2,3,10,12,30,0.19594999251384937,0.9121005111705912,21.6,山本不在此#23824,普朗克,0.281189367839411,TJ101:TJ101_400855052168
2026-02-17 16:50,祈山鹤#14781,True,26.3,共同发挥或证据混合,0.14859156788721983,5,11.2,2,8,3,20,0.2099294413524905,0.707816716559166,8.85,今童话#58110,卡兹克,0.3203886058238074,TJ101:TJ101_400843972863
2026-02-09 22:17,祈山鹤#14781,True,26.3,自己主力输出,0.28236888914390634,1,12.2,1,12,8,29,0.21044683308163808,1.3417587948893852,16.733333333333334,山本不在此#23824,阿卡丽,0.21905123938489787,TJ101:TJ101_400834228215
2026-02-08 21:22,Lou楼louy#22286,False,26.3,不分类（败局）,0.16216760001341338,3,8.6,2,7,9,14,0.20526390870185449,0.7900443923094224,15.333333333333334,Elves丶偏执狂#53171,黛安娜,0.36112135743268164,TJ101:TJ101_400832739343
2026-02-05 00:39,哑巴狮子#44403,True,26.3,队友更主导,0.15764622873473927,3,9.2,4,21,22,32,0.16715007200373203,0.9431418535746694,24.316666666666666,你是猴子请叉叉#72428,劫,0.34148605597565407,TJ101:TJ101_400826870485
2026-02-04 21:57,哑巴狮子#44403,True,26.3,队友更主导,0.12884937654443718,4,8.4,5,11,14,28,0.19482328953330313,0.66136536783202,18.033333333333335,山本不在此#23824,佛耶戈,0.29598091288664186,TJ101:TJ101_400826547392
2026-01-18 23:17,小鸡脚黑子#56191,True,26.1,队友更主导,0.12880965244012246,5,7.1,5,4,8,18,0.18784167185661893,0.6857352320545992,18.4,山本不在此#23824,劫,0.2841851251575725,TJ101:TJ101_400802296023
2026-01-17 01:03,哑巴狮子#44403,True,26.1,自己主力输出,0.25677405978487755,1,11.5,1,14,10,40,0.20928198015576657,1.2269286614822885,19.7,小鸡脚黑子#56191,艾克,0.23866320363786134,TJ101:TJ101_400799082946
2026-01-17 00:27,哑巴狮子#44403,False,26.1,不分类（败局）,0.1904559310306136,4,8.1,5,5,15,31,0.18706702679489642,1.0181159891926481,19.55,祈山鹤#14781,金克丝,0.24408580031043706,TJ101:TJ101_400799080068
2026-01-13 01:13,Lou楼louy#22286,False,26.1,不分类（败局）,0.1760496531580869,3,9.6,3,5,8,38,0.18742164077405288,0.939324041935608,16.066666666666666,山本不在此#23824,劫,0.29108555433856637,TJ101:TJ101_400793557396
2026-01-13 00:07,Lou楼louy#22286,False,26.1,不分类（败局）,0.18042280710014597,4,7.7,4,5,6,7,0.2040636656395524,0.8841495938764306,11.016666666666667,山本不在此#23824,奎桑提,0.28720749564480436,TJ101:TJ101_400793504045
2026-01-11 00:20,哑巴狮子#44403,True,26.1,共同发挥或证据混合,0.24145835458966772,1,11.9,2,14,7,22,0.21386247544204323,1.12903562951184,13.8,山本不在此#23824,崔斯特,0.23426181001938579,TJ101:TJ101_400790340322
2026-01-09 23:20,三角洲威龙#44564,False,26.1,不分类（败局）,0.19198462135312913,2,8.3,4,8,11,21,0.19105631534248982,1.0048588082994023,15.833333333333334,山本不在此#23824,蕾欧娜,0.3324193906952212,TJ101:TJ101_400788502971
2026-01-09 18:36,祈山鹤#14781,False,26.1,不分类（败局）,0.26249110113469615,1,9.2,2,9,14,27,0.20409334353481254,1.2861325930011167,18.583333333333332,三角洲威龙#44564,卡莎,0.2257333391448372,TJ101:TJ101_400787908480
2026-01-09 17:53,三角洲威龙#44564,True,26.1,队友更主导,0.13826269912834385,4,8.4,4,10,11,29,0.1914624444067664,0.722140049745743,16.05,曾经遗忘了灬时光#60553,莎弥拉,0.2711115825951661,TJ101:TJ101_400787857397
2026-01-07 00:21,玩个肉混一混#47672,False,25.24,不分类（败局）,0.1470943212161765,4,8,5,8,14,30,0.19576594900287728,0.7513784800952007,17.416666666666668,小鸡脚黑子#56191,布兰德,0.26828673449606344,TJ101:TJ101_400784486255
2025-12-17 23:19,山本不在此#23824,False,25.24,不分类（败局）,0.15039405065363298,4,8.1,4,5,11,28,0.18675874493319322,0.805285186015956,16.15,祈山鹤#14781,兰博,0.31858469165828673,TJ101:TJ101_400755361185
2025-12-02 23:01,哑巴狮子#44403,True,25.23,队友更主导,0.1467872941663831,4,9.4,3,8,10,18,0.20033522914487917,0.7327083448724283,15.566666666666666,三角洲威龙#44564,黑默丁格,0.3064461244840289,TJ101:TJ101_400732257844
2025-11-27 20:48,哑巴狮子#44403,True,25.23,共同发挥或证据混合,0.26336632779258584,2,10.5,4,18,11,30,0.21502277586687737,1.2248299126955668,15.483333333333333,玩个肉混一混#47672,塔莉垭,0.2785330636627868,TJ101:TJ101_400725182573
2025-11-26 20:11,哑巴狮子#44403,True,25.23,共同发挥或证据混合,0.28775328973924275,1,9.6,3,12,11,22,0.2008857338239604,1.4324227224189343,19.15,没有人会去在意我#29974,亚托克斯,0.21992815048034228,TJ101:TJ101_400723853360
2025-11-25 19:39,山本不在此#23824,True,25.23,共同发挥或证据混合,0.2272102533356712,2,10.1,2,8,7,23,0.2098003841005645,1.082983018881231,22.15,玩个肉混一混#47672,奥莉安娜,0.24997030559781902,TJ101:TJ101_400722516531
2025-11-25 18:47,玩个肉混一混#47672,False,25.23,不分类（败局）,0.4571990260258662,1,11.7,1,20,13,20,0.2375994707147189,1.9242426115284417,23.716666666666665,尚能饭否CDC#69527,亚索,0.19272912342327958,TJ101:TJ101_400722428726
2025-11-20 23:44,山本不在此#23824,False,25.23,不分类（败局）,0.26843017923018725,1,10.6,1,15,9,15,0.24357784356028298,1.102030362477339,18.166666666666668,三角洲威龙#44564,布兰德,0.23614598188282082,TJ101:TJ101_400715956327
2025-11-12 21:54,祈山鹤#14781,False,25.22,不分类（败局）,0.23000828524084338,2,8.5,3,8,10,20,0.1941605394026299,1.1846294100155756,16.25,丨一片两片三四片#67094,凯隐,0.24962145020284554,TJ101:TJ101_400705297295
2025-11-10 23:20,祈山鹤#14781,True,25.22,自己主力输出,0.2598887470627484,2,11.8,1,22,10,28,0.22031683168316832,1.1796136730782665,17.65,Uzi不如k神#51162,金克丝,0.33250776014620986,TJ101:TJ101_400702835230
